Camille;http://livejournal.com/;33754154593
Camille;https://habrahabr.ru/;57034526797
Camille;https://postnauka.ru;31474334975
Camille;https://stackoverflow.com/;38810664033
Camille;https://vk.com;36965596910
Camille;https://www.epam.com/;46319874525
Camille;https://www.facebook.com/;49520338577
Camille;https://www.google.com/;51217734778
Camille;https://www.yandex.ru/;58413239962
Camille;https://www.youtube.com/;41816431221
Claude;http://livejournal.com/;48861761772
Claude;https://habrahabr.ru/;43838397847
Claude;https://postnauka.ru;44997609334
Claude;https://stackoverflow.com/;48512979547
Claude;https://vk.com;45405163048
Claude;https://www.epam.com/;44946677905
Claude;https://www.facebook.com/;58281652230
Claude;https://www.google.com/;38520771491
Claude;https://www.yandex.ru/;40888015740
Claude;https://www.youtube.com/;48549040208
Edgar;http://livejournal.com/;40195855482
Edgar;https://habrahabr.ru/;44939447810
Edgar;https://postnauka.ru;33722837208
Edgar;https://stackoverflow.com/;45147875706
Edgar;https://vk.com;49081031652
Edgar;https://www.epam.com/;54707444178
Edgar;https://www.facebook.com/;36602996424
Edgar;https://www.google.com/;68992966108
Edgar;https://www.yandex.ru/;44211018375
Edgar;https://www.youtube.com/;42515339390
Edouard;http://livejournal.com/;42253630989
Edouard;https://habrahabr.ru/;42789229978
Edouard;https://postnauka.ru;54790191746
Edouard;https://stackoverflow.com/;61503703425
Edouard;https://vk.com;39708618282
Edouard;https://www.epam.com/;48220091643
Edouard;https://www.facebook.com/;47122202775
Edouard;https://www.google.com/;34482652984
Edouard;https://www.yandex.ru/;48204582985
Edouard;https://www.youtube.com/;33676037175
Gustave;http://livejournal.com/;48072256019
Gustave;https://habrahabr.ru/;41579467534
Gustave;https://postnauka.ru;52356965389
Gustave;https://stackoverflow.com/;56171450704
Gustave;https://vk.com;57983335149
Gustave;https://www.epam.com/;40946958850
Gustave;https://www.facebook.com/;34218861271
Gustave;https://www.google.com/;36833229638
Gustave;https://www.yandex.ru/;44483847680
Gustave;https://www.youtube.com/;36140765265
Henri;http://livejournal.com/;33244632428
Henri;https://habrahabr.ru/;47984929771
Henri;https://postnauka.ru;63193480570
Henri;https://stackoverflow.com/;48431764666
Henri;https://vk.com;46553299335
Henri;https://www.epam.com/;48697849075
Henri;https://www.facebook.com/;49911071491
Henri;https://www.google.com/;44349112182
Henri;https://www.yandex.ru/;48098836686
Henri;https://www.youtube.com/;51007586410
Pablo;http://livejournal.com/;42385635195
Pablo;https://habrahabr.ru/;47256190093
Pablo;https://postnauka.ru;47232525596
Pablo;https://stackoverflow.com/;40790033741
Pablo;https://vk.com;66255077394
Pablo;https://www.epam.com/;46860064278
Pablo;https://www.facebook.com/;38704685710
Pablo;https://www.google.com/;31075157495
Pablo;https://www.yandex.ru/;47563133570
Pablo;https://www.youtube.com/;42109516698
Paul;http://livejournal.com/;42104373233
Paul;https://habrahabr.ru/;54926743703
Paul;https://postnauka.ru;47703597272
Paul;https://stackoverflow.com/;48089308609
Paul;https://vk.com;42382475513
Paul;https://www.epam.com/;43959268582
Paul;https://www.facebook.com/;48524120230
Paul;https://www.google.com/;40050239182
Paul;https://www.yandex.ru/;54460507196
Paul;https://www.youtube.com/;59241589499
Pierre-Auguste;http://livejournal.com/;48547827414
Pierre-Auguste;https://habrahabr.ru/;53283064599
Pierre-Auguste;https://postnauka.ru;54046991079
Pierre-Auguste;https://stackoverflow.com/;47877969726
Pierre-Auguste;https://vk.com;44931577528
Pierre-Auguste;https://www.epam.com/;37340485573
Pierre-Auguste;https://www.facebook.com/;46491247049
Pierre-Auguste;https://www.google.com/;24788477925
Pierre-Auguste;https://www.yandex.ru/;46093911916
Pierre-Auguste;https://www.youtube.com/;54313410082
Vincent;http://livejournal.com/;23222285392
Vincent;https://habrahabr.ru/;51598414364
Vincent;https://postnauka.ru;44158974872
Vincent;https://stackoverflow.com/;57971255596
Vincent;https://vk.com;28389936945
Vincent;https://www.epam.com/;30714919458
Vincent;https://www.facebook.com/;48274006734
Vincent;https://www.google.com/;47224448846
Vincent;https://www.yandex.ru/;41786995892
Vincent;https://www.youtube.com/;38971155953
